{
  "best_val_acc": 0.8616,
  "test_loss": 0.348877844042778,
  "test_acc": 0.85356,
  "best_state_path": "outputs/runs/rnn_lstm_20260131_131945/best_model.pt"
}